<resources>
    <string name="app_name">appiplus</string>
    <string name="title_appointment_detail">Appointment Detail</string>

<!-- TODO: Remove or change this placeholder text -->
    <string name="hello_blank_fragment">Hello blank fragment</string>
    <string name="termin">Termin</string>
    <string name="what">What</string>
    <string name="who">Who</string>
    <string name="where">Where</string>
    <string name="description">Beschreibung</string>
    <string name="action_comment">Kommentar</string>
    <string name="title_overview">Übersicht</string>
    <string name="title_activity_add_comment">Neuer Kommentar</string>
    <string name="hello_world">Hello world!</string>
    <string name="action_settings">Settings</string>
    <string name="edit_message">Kommentar</string>
    <string name="button_send">Senden</string>
    <string name="when">When</string>
    <string name="sync_appointments_on">Sync Kalender einschalten</string>
    <string name="sync_appointments_off">Sync Kalender ausschalten</string>
    <string name="hours">Std</string>
    <string name="app_name_appointments">appiPlus - Termine</string>
    <string name="app_name_detail">appiPlus - Detail</string>
    <string name="app_name_comment">appiPlus - Kommentar</string>
</resources>
